{
  "chart": {
    "caption": "Total invoice sale by month",
    "yaxisname": "Sales",
    "subcaption": "2010-2020",
    "showhovereffect": "1",
    "numbersuffix": "$",
    "drawcrossline": "1",
    "theme": "fusion"
  },

  "categories": [
    {
      "category": [
        {
          "label": "2010/06"
        },
        {
          "label": "2016/10"
        },
        {
          "label": "2017/03"
        },
        {
          "label": "2017/08"
        },
        {
          "label": "2018/01"
        },
        {
          "label": "2018/06"
        },
        {
          "label": "2018/11"
        },
        {
          "label": "2019/04"
        },
        {
          "label": "2019/09"
        },
        {
          "label": "2020/02"
        }
      ]
    }
  ],

  "dataset": [
    {
      "seriesname": "Common",
      "data": [
        {
          "value": "13000"
        },
        {
          "value": "14500"
        },
        {
          "value": "15500"
        },
        {
          "value": "16000"
        },
        {
          "value": "19500"
        },
        {
          "value": "20650"
        },
        {
          "value": "25500"
        },
        {
          "value": "30000"
        },
        {
          "value": "36650"
        },
        {
          "value": "45500"
        }
      ]
    },
    {
      "seriesname": "CX5",
      "data": [
        {
          "value": "8400"
        },
        {
          "value": "9000"
        },
        {
          "value": "13000"
        },
        {
          "value": "14000"
        },
        {
          "value": "19800"
        },
        {
          "value": "28800"
        },
        {
          "value": "30800"
        },
        {
          "value": "32800"
        },
        {
          "value": "35800"
        },
        {
          "value": "43800"
        }
      ]
    },
    {
      "seriesname": "CX8",
      "data": [
        {
          "value": "8000"
        },
        {
          "value": "10500"
        },
        {
          "value": "15500"
        },
        {
          "value": "24000"
        },
        {
          "value": "28500"
        },
        {
          "value": "30650"
        },
        {
          "value": "35500"
        },
        {
          "value": "38500"
        },
        {
          "value": "40650"
        },
        {
          "value": "45500"
        }
      ]
    },
    {
      "seriesname": "M3",
      "data": [
        {
          "value": "30000"
        },
        {
          "value": "20500"
        },
        {
          "value": "15500"
        },
        {
          "value": "15000"
        },
        {
          "value": "10500"
        },
        {
          "value": "8650"
        },
        {
          "value": "1500"
        },
        {
          "value": "1000"
        },
        {
          "value": "500"
        },
        {
          "value": "200"
        }
      ]
    },
    {
      "seriesname": "Other",
      "data": [
        {
          "value": "12000"
        },
        {
          "value": "12500"
        },
        {
          "value": "18500"
        },
        {
          "value": "25000"
        },
        {
          "value": "15500"
        },
        {
          "value": "26050"
        },
        {
          "value": "30500"
        },
        {
          "value": "40500"
        },
        {
          "value": "41500"
        },
        {
          "value": "45500"
        }
      ]
    }
  ]

}  
