{
  "chart": {
    "theme": "fusion",
    "caption": "Total invoice sales by Month",
    "subCaption": "Last month",
    "yAxisName": "Sales (In USD)",
    "numberPrefix": "$",
    "alignCaptionWithCanvas": "0",
    "showhovereffect": "1",
    "numbersuffix": "$",
    "drawcrossline": "1",
    "plottooltext": "<b>$dataValue</b> of youth were on $seriesName"

  },

  "data": [
    {
      "label": "Commomn",
      "value": "880000"
    },
    {
      "label": "CX5",
      "value": "730000"
    },
    {
      "label": "CX8",
      "value": "590000"
    },
    {
      "label": "M3",
      "value": "520000"
    },
    {
      "label": "Others",
      "value": "330000"
    }
  ]


}
